,filename,score,num_of_evaluations
0,BJzcrQFjfsQ.jpg,18,20
1,BlSfwPHB5a_.jpg,16,20
2,BlsoWzlFesk.jpg,16,20
3,BmNTJPdHFLI.jpg,8,20
4,Bn-l8xXA1oe.jpg,3,20
5,Bn-mgscAGfH.jpg,7,20
6,Bo1lDTCBL9j.jpg,14,20
7,BoMUTAphCAL.jpg,17,20
8,BoqI5d9h1pi.jpg,7,20
9,BpEQqVMgzRJ.jpg,15,20
10,BpEyhasA9sF.jpg,16,20
11,BpFFLS-hIPb.jpg,18,20
12,BpGUO3IF7af.jpg,19,20
13,BpJv95dnC3n.jpg,0,20
14,BpO-0nKBR3g.jpg,16,20
15,BpO-2YOHIml.jpg,25,30
16,BpO-36fh5z1.jpg,1,29
17,BpO-68Qn_LO.jpg,16,30
18,BpO-aWxFgCf.jpg,6,29
19,BpO-AYqFD-9.jpg,14,30
20,BpO-KrVHw0w.jpg,28,30
21,BpO-KZQgOq9.jpg,15,30
22,BpO-mi9hw4Q.jpg,21,30
23,BpO-R-lhyAJ.jpg,18,30
24,BpO-yLhlUab.jpg,13,30
25,BpO0_FcASpA.jpg,1,30
26,BpO0Mtqjy34.jpg,24,30
27,BpO0uDfnBi5.jpg,7,30
28,BpO0W7gh2cq.jpg,13,30
29,BpO0YXWgDsn.jpg,23,30
30,BpO11j0glRl.jpg,19,30
31,BpO141_FQh6.jpg,0,30
32,BpO143NhqEb.jpg,21,30
33,BpO16eLHEL9.jpg,19,28
34,BpO19lyAv6o.jpg,26,29
35,BpO1fHOgd-G.jpg,23,30
36,BpO1jUYlrUR.jpg,21,30
37,BpO1lgYlchF.jpg,24,30
38,BpO1OICF3rN.jpg,28,30
39,BpO1tNrFkeC.jpg,22,30
40,BpO1xDxA4A-.jpg,4,29
41,BpO2b2Hl9Da.jpg,8,30
42,BpO2ERDHUwT.jpg,5,30
43,BpO2js4nb5h.jpg,13,30
44,BpO2LJenwNX.jpg,17,30
45,BpO2u0jAMgJ.jpg,0,30
46,BpO3-s6BiSe.jpg,23,29
47,BpO3c0cl9Tw.jpg,23,30
48,BpO3ervnW9K.jpg,13,30
49,BpO3oIQF1yF.jpg,23,30
50,BpO3oyWgw7p.jpg,0,30
51,BpO3rsDBaXA.jpg,21,29
52,BpO3UhwAo9w.jpg,23,30
53,BpO4bV8lqVc.jpg,10,30
54,BpO4D2bgefj.jpg,18,30
55,BpO4F-GAjYR.jpg,15,29
56,BpO4IG1Ajjh.jpg,7,30
57,BpO4kBBg0et.jpg,18,30
58,BpO4mYGAY7h.jpg,7,30
59,BpO4OusF1iB.jpg,23,30
60,BpO4s5zAhUa.jpg,22,30
61,BpO4Tozg7hs.jpg,6,30
62,BpO4uxGn3In.jpg,18,30
63,BpO4xVWnxnZ.jpg,13,30
64,BpO5_b5hF-H.jpg,22,30
65,BpO5BxYH65f.jpg,18,30
66,BpO5h_OAaHN.jpg,13,30
67,BpO5lZYgO2h.jpg,18,29
68,BpO5M9ZATA8.jpg,13,20
69,BpO5sePB8Pb.jpg,16,22
70,BpO5tFYhpeB.jpg,3,20
71,BpO5V8NlP1A.jpg,11,22
72,BpO63cmArlK.jpg,16,22
73,BpO6Dc9AHOF.jpg,9,22
74,BpO6G0igxFH.jpg,4,22
75,BpO6JwKgs3l.jpg,8,21
76,BpO6PkcBuSJ.jpg,8,21
77,BpO6Rq7DmPg.jpg,7,22
78,BpO6Rx1nvn1.jpg,11,22
79,BpO6T_-h44C.jpg,6,20
80,BpO6VfblVhx.jpg,10,20
81,BpO6vJKBqXS.jpg,12,22
82,BpO6wAen7mE.jpg,12,21
83,BpO73ACHeLv.jpg,17,21
84,BpO75R_nYuu.jpg,13,20
85,BpO79kBlP_5.jpg,3,21
86,BpO7bCTFBC_.jpg,13,20
87,BpO7ImEg3Jc.jpg,4,22
88,BpO7LnVFZRR.jpg,13,21
89,BpO7s85nj_c.jpg,13,22
90,BpO7XIOHrNh.jpg,5,22
91,BpO7xyTBryp.jpg,10,20
92,BpO8fEigvwL.jpg,4,20
93,BpO8GD4AglG.jpg,13,21
94,BpO8HfzH-b5.jpg,6,21
95,BpO8JueB_d2.jpg,4,20
96,BpO8mCNhQmh.jpg,1,20
97,BpO8PyNlXqd.jpg,10,23
98,BpO8vEeApJS.jpg,13,20
99,BpO96xHAC_r.jpg,6,21
100,BpO9o0MBkks.jpg,15,22
101,BpO9o8MHfu5.jpg,15,22
102,BpO9SnXHqsc.jpg,1,20
103,BpO9VTiB-ST.jpg,8,21
104,BpO9x4XAQfP.jpg,16,22
105,BpO_HN4BBWm.jpg,7,23
106,BpO_j04BM5b.jpg,10,21
107,BpO_o1QASag.jpg,17,20
108,BpO_QVIB6hZ.jpg,15,22
109,BpO_rtHgp_9.jpg,6,20
110,BpO_s-zg2U2.jpg,10,21
111,BpO_yzSAtO-.jpg,12,20
112,BpOGZajnu78.jpg,11,22
113,BpOmr8xAn33.jpg,9,20
114,BpOn8RYHzfp.jpg,16,24
115,BpOnM9jBR3B.jpg,13,20
116,BpOoH2Ghr2j.jpg,7,20
117,BpOoMM-nzDO.jpg,12,20
118,BpOoSmWAXI5.jpg,11,20
119,BpOovm3nZd4.jpg,13,21
120,BpOoxj-lS63.jpg,10,22
121,BpOpVG5nxG4.jpg,0,21
122,BpOq03zBrc3.jpg,8,20
123,BpOq1YEnt1M.jpg,9,20
124,BpOqbdDnDqx.jpg,14,21
125,BpOqiO3FzZv.jpg,13,21
126,BpOqwwxgxFM.jpg,13,20
127,BpOr-6RjKIu.jpg,18,21
128,BpOruLWni7h.jpg,17,21
129,BpOryjSg3rF.jpg,10,22
130,BpOsJNUnD6b.jpg,16,20
131,BpOsMEHBSgN.jpg,14,22
132,BpOspuFhSdM.jpg,8,21
133,BpOTEKnFQm8.jpg,13,21
134,BpOtk1zBTya.jpg,12,22
135,BpOTQn0gFtb.jpg,13,20
136,BpOttpwAS6L.jpg,8,20
137,BpOtXFkgl8g.jpg,14,22
138,BpOug2zAH5m.jpg,9,22
139,BpOuuVFgZET.jpg,13,21
140,BpOv3YlFpos.jpg,6,20
141,BpOvab1A_TY.jpg,10,22
142,BpOvbhwhL9Y.jpg,5,21
143,BpOvbwggMaK.jpg,6,20
144,BpOvhgWApTL.jpg,8,20
145,BpOvM4-AEW2.jpg,12,23
146,BpOvXLJHjqn.jpg,7,22
147,BpOvY0BBJP7.jpg,7,22
148,BpOvZddBfVJ.jpg,9,21
149,BpOw3HJA3o5.jpg,14,21
150,BpOwa7uDV99.jpg,13,21
151,BpOwGHdgEBF.jpg,12,21
152,BpOwGnmHwTN.jpg,4,22
153,BpOwIxRgtMZ.jpg,7,22
154,BpOwlJpAUFQ.jpg,16,23
155,BpOxdQ1lf5g.jpg,10,23
156,BpOxh3ohywY.jpg,12,22
157,BpOxhqgHXhH.jpg,0,22
158,BpOxj6qHnXw.jpg,14,24
159,BpOxNXRlJjX.jpg,16,21
160,BpOxTruAejN.jpg,12,20
161,BpOxVVvlSK_.jpg,13,21
162,BpOy9AklqS2.jpg,3,20
163,BpOyaZNjH3x.jpg,9,21
164,BpOyBhani4w.jpg,10,20
165,BpOyfCGhw9U.jpg,16,20
166,BpOyJ8kH5xH.jpg,12,20
167,BpOyLARhSPl.jpg,10,24
168,BpOyODyHcx5.jpg,10,21
169,BpOyVN7An7R.jpg,16,22
170,BpOyYMQgs8K.jpg,3,22
171,BpOz0mulssy.jpg,12,22
172,BpOz1axAOnf.jpg,9,23
173,BpOzGFcAlpo.jpg,16,21
174,BpOzvIoHJ30.jpg,9,23
175,BpOzY6PB_ed.jpg,9,21
176,BpOzZh7Db8d.jpg,16,22
177,BpP-GX5hCe7.jpg,11,21
178,BpP2xxsn_eU.jpg,8,21
179,BpP4rjmh8Z6.jpg,5,21
180,BpP7L0hHN8i.jpg,6,20
181,BpP9dDjFHmt.jpg,16,22
182,BpP9JmUAJbU.jpg,15,20
183,BpP9jyLgH3p.jpg,8,23
184,BpP_9PTnuq_.jpg,8,22
185,BpPAA8dn2KF.jpg,2,20
186,BpPaFSGBkEl.jpg,13,21
187,BpPAgeAHHx-.jpg,8,22
188,BpPAPfSAqIP.jpg,7,21
189,BpPAR39hagm.jpg,4,20
190,BpPARlogd8J.jpg,18,25
191,BpPASgDgss0.jpg,20,27
192,BpPAxAglyS4.jpg,7,26
193,BpPAZnagNza.jpg,6,29
194,BpPAZRqAN-n.jpg,17,27
195,BpPB-gTjxJh.jpg,17,27
196,BpPB1StgCdZ.jpg,11,29
197,BpPB5WSBYGa.jpg,9,26
198,BpPBATyHBHX.jpg,9,27
199,BpPbGTJnKR6.jpg,14,28
200,BpPBhAwDzAS.jpg,19,29
201,BpPBLOyBkDQ.jpg,16,26
202,BpPbr_wgU3j.jpg,18,26
203,BpPC3cNAbXQ.jpg,4,23
204,BpPCFTgghxz.jpg,8,28
205,BpPCiCtHTA7.jpg,7,23
206,BpPCJEBDCcc.jpg,12,27
207,BpPCk8KlSLU.jpg,11,22
208,BpPCKzQAnjP.jpg,10,22
209,BpPCu71FBcW.jpg,20,24
210,BpPCuFrlG2Y.jpg,16,21
211,BpPCx4uFCS-.jpg,11,22
212,BpPd-1jDQ1V.jpg,5,21
213,BpPD32LAopN.jpg,3,21
214,BpPD3SKAWM5.jpg,13,21
215,BpPDhMUAvai.jpg,14,20
216,BpPDJm_hXPU.jpg,11,21
217,BpPDMY3AYJj.jpg,12,21
218,BpPDnKEAbNB.jpg,11,23
219,BpPDSvngp4A.jpg,16,21
220,BpPDT6-A9pG.jpg,16,20
221,BpPDTydnqBF.jpg,16,22
222,BpPE-_LFs4v.jpg,11,21
223,BpPE4SaHZ9x.jpg,9,22
224,BpPEA7JFemm.jpg,13,21
225,BpPEBVaAqy-.jpg,7,20
226,BpPEfB1FFpw.jpg,11,22
227,BpPEgSQgiy-.jpg,7,20
228,BpPEISznylw.jpg,6,20
229,BpPEMeVH6zW.jpg,19,21
230,BpPEMFCh89L.jpg,20,22
231,BpPEoEYnu9o.jpg,12,22
232,BpPEQigF1yn.jpg,10,21
233,BpPEX1aA9rh.jpg,13,20
234,BpPEzKDnxEL.jpg,13,21
235,BpPF-KQFkDV.jpg,8,20
236,BpPF1hyAMZ2.jpg,14,22
237,BpPF6SnA9me.jpg,6,20
238,BpPF99AA0PG.jpg,19,21
239,BpPFb8dHkIw.jpg,15,21
240,BpPFbNynwhi.jpg,13,20
241,BpPFcYqFPJF.jpg,18,21
242,BpPFCZgnWCA.jpg,16,21
243,BpPFExCg4QU.jpg,13,21
244,BpPFLdCA-hi.jpg,13,22
245,BpPFP_9hPAl.jpg,18,21
246,BpPFqcJhcuw.jpg,18,23
247,BpPFqqjF05i.jpg,8,20
248,BpPFrHMAD3f.jpg,10,23
249,BpPFvphgz3M.jpg,10,20
250,BpPG5aFAB7w.jpg,1,20
251,BpPg8V9H100.jpg,14,21
252,BpPGapJhbu3.jpg,12,23
253,BpPGC6YhP1o.jpg,8,21
254,BpPGCiMg6B9.jpg,11,21
255,BpPGi1SgMux.jpg,10,20
256,BpPGipmFMpW.jpg,9,23
257,BpPGjFqg8hA.jpg,16,22
258,BpPGlEeAKZb.jpg,13,21
259,BpPGnHegQ2a.jpg,20,23
260,BpPGodAAGuH.jpg,3,21
261,BpPGPaBnR9Y.jpg,4,21
262,BpPGphngOrz.jpg,15,21
263,BpPgtbpAzK_.jpg,7,21
264,BpPGUCanWnn.jpg,7,23
265,BpPGUOZnrwl.jpg,5,24
266,BpPGwVrlBUv.jpg,16,21
267,BpPGZA3n_T5.jpg,12,22
268,BpPHA-EhS2p.jpg,6,20
269,BpPHAwAAjai.jpg,13,21
270,BpPHE2BAm-j.jpg,14,20
271,BpPHeGQAp6U.jpg,8,23
272,BpPHEuUHrdM.jpg,5,21
273,BpPHgYxFhc2.jpg,11,23
274,BpPHMPcAAnJ.jpg,9,21
275,BpPHnGLAabZ.jpg,5,20
276,BpPHXkhHzS5.jpg,9,22
277,BpPHy02BQ9E.jpg,14,21
278,BpPI1BhgMo1.jpg,11,24
279,BpPI4z2Bu4I.jpg,5,22
280,BpPI7u8g9Zc.jpg,17,22
281,BpPiETQHwSZ.jpg,2,24
282,BpPiHFQASDx.jpg,16,23
283,BpPIOizj6Dz.jpg,18,20
284,BpPJaDsAd3X.jpg,17,22
285,BpPJNf0hFOY.jpg,8,21
286,BpPJs6UngH-.jpg,8,20
287,BpPJt36AI_K.jpg,17,23
288,BpPJu8MAtM1.jpg,16,20
289,BpPJWXVn8GG.jpg,10,22
290,BpPkGceHwkl.jpg,18,23
291,BpPKkLCF5jU.jpg,7,21
292,BpPKl6HhZd_.jpg,12,23
293,BpPKuSMAD2e.jpg,17,22
294,BpPKW3_FWgl.jpg,7,22
295,BpPKXnJBZcr.jpg,13,21
296,BpPKY5UFsuL.jpg,13,22
297,BpPL3M5hNB-.jpg,12,20
298,BpPL5XSgdME.jpg,3,21
299,BpPLfR2A22n.jpg,7,22
300,BpPLFuaBfCO.jpg,5,22
301,BpPLG1MlUjA.jpg,15,23
302,BpPLLmJhoJP.jpg,7,22
303,BpPlQ7PAcKo.jpg,7,21
304,BpPM1emFiYW.jpg,14,21
305,BpPM4SDlAi1.jpg,3,22
306,BpPM9Q1hKzK.jpg,13,22
307,BpPMaspjwuA.jpg,1,22
308,BpPmbnvFVIK.jpg,10,23
309,BpPMFtpHVPF.jpg,7,20
310,BpPMrD6n9kB.jpg,5,22
311,BpPMRSdh_ya.jpg,11,22
312,BpPNcEmA8DH.jpg,10,23
313,BpPNdjeHybi.jpg,13,23
314,BpPNEHulMwT.jpg,6,22
315,BpPNJ_FgQVC.jpg,14,22
316,BpPNOI0HK2A.jpg,16,21
317,BpPO0QlgpXy.jpg,11,22
318,BpPO1V8geTO.jpg,16,22
319,BpPOeGZgn8i.jpg,17,23
320,BpPOLg2DmMx.jpg,7,23
321,BpPOm4hA5BE.jpg,10,20
322,BpPOmwGFyPR.jpg,16,21
323,BpPOwKoA3Lr.jpg,4,22
324,BpPP0bvgq4a.jpg,11,22
325,BpPP6tVnPCJ.jpg,15,22
326,BpPPbpTD1_O.jpg,5,20
327,BpPPi-kgBnx.jpg,12,20
328,BpPPidPB2rx.jpg,7,21
329,BpPPML9hlVg.jpg,11,22
330,BpPPrVZHTUP.jpg,13,21
331,BpPPUHfBjg4.jpg,5,22
332,BpPPuXWAdUh.jpg,8,23
333,BpPQA1GgVEX.jpg,14,21
334,BpPQJhXgKXr.jpg,11,24
335,BpPqTrinP0k.jpg,5,22
336,BpPQX6ml6rp.jpg,8,21
337,BpPQYdzBG7d.jpg,11,23
338,BpPQySXhixC.jpg,5,21
339,BpPR3XwFvLp.jpg,16,21
340,BpPRDn_HmoC.jpg,12,20
341,BpPRoU4gI4j.jpg,7,22
342,BpPRqNfBmoC.jpg,17,23
343,BpPrrzBnHzw.jpg,10,20
344,BpPRUp-gJJZ.jpg,18,20
345,BpPRv7MHiIi.jpg,12,22
346,BpPRVagh9lx.jpg,0,21
347,BpPSa6wgCR5.jpg,10,24
348,BpPScqoA7qp.jpg,5,20
349,BpPSEoYBDKX.jpg,14,22
350,BpPShtKBT1I.jpg,13,20
351,BpPSKGtH5E7.jpg,8,23
352,BpPSlHzh8OZ.jpg,13,24
353,BpPSVfJg74-.jpg,14,21
354,BpPTbP-lNH_.jpg,5,21
355,BpPTeOaHrxX.jpg,7,20
356,BpPTeTbHNey.jpg,11,21
357,BpPTj0AhoXR.jpg,11,24
358,BpPTk4xDi4W.jpg,14,21
359,BpPTpcHnus0.jpg,14,21
360,BpPTV5aHkF9.jpg,5,22
361,BpPU16hndvz.jpg,5,21
362,BpPUa0Ig_-L.jpg,9,22
363,BpPugVKHCdS.jpg,13,20
364,BpPuj8aFYbQ.jpg,2,21
365,BpPUO92hRne.jpg,3,24
366,BpPUOYLHenu.jpg,11,20
367,BpPUUrgnAvf.jpg,5,20
368,BpPUURVhuaT.jpg,2,20
369,BpPV-qagPyx.jpg,19,22
370,BpPV2rRlybf.jpg,17,21
371,BpPVKF0nPgv.jpg,10,24
372,BpPVL1-gk2g.jpg,16,21
373,BpPVQGEH5vZ.jpg,4,24
374,BpPVSj9nmB1.jpg,10,22
375,BpPVvRiBExu.jpg,10,21
376,BpPWAaDnJt4.jpg,8,23
377,BpPWPvfhNJu.jpg,13,20
378,BpPWRdGgir_.jpg,11,19
379,BpPWS4bghpI.jpg,8,18
380,BpPX--lgQ1M.jpg,14,19
381,BpPx9WTAoTh.jpg,14,20
382,BpPXEGAlkDA.jpg,8,20
383,BpPxpNWHJ3y.jpg,15,20
384,BpPYBBwAkOf.jpg,2,17
385,BpPYfmhF2Hx.jpg,8,20
386,BpPypmGlIQv.jpg,14,23
387,BpPYqw2lUt0.jpg,14,20
388,BpPYRhYn7Y3.jpg,7,19
389,BpPZiYUBC1h.jpg,4,19
390,BpPZkxjhcTP.jpg,12,21
391,BpQaAB9j6PG.jpg,5,18
392,BpQAH8Pn3g3.jpg,8,17
393,BpQb9u_lm9Z.jpg,5,17
394,BpQbeRYjA9M.jpg,9,16
395,BpQbH3eBRx5.jpg,19,22
396,BpQC3x7gld8.jpg,3,21
397,BpQCE37BpC_.jpg,8,18
398,BpQCeggh0rv.jpg,0,18
399,BpQcEq-jaSU.jpg,5,20
400,BpQcXi-HTXL.jpg,4,19
401,BpQD9EYFOGv.jpg,14,22
402,BpQDa8VA9pX.jpg,7,18
403,BpQdiLTHD7g.jpg,6,20
404,BpQdrB3hXAt.jpg,10,20
405,BpQe2xCAetH.jpg,9,22
406,BpQEB5IAvKF.jpg,10,16
407,BpQeDwOH24B.jpg,7,17
408,BpQEu1GFPU5.jpg,8,17
409,BpQEvNxF7Pj.jpg,0,18
410,BpQFGgmns22.jpg,6,21
411,BpQFGSkAp01.jpg,6,21
412,BpQfKiIn4bF.jpg,8,18
413,BpQg5sohsxe.jpg,6,18
414,BpQGSgng-96.jpg,7,16
415,BpQGU8Ggrsr.jpg,12,20
416,BpQHC2Xgy8z.jpg,15,19
417,BpQHcXXg3xD.jpg,6,16
418,BpQHeO1lCUQ.jpg,5,18
419,BpQHK7VAdA7.jpg,4,16
420,BpQHPYkHP9n.jpg,6,18
421,BpQHuOdjGsd.jpg,5,18
422,BpQHxFQAeVC.jpg,7,21
423,BpQI6d1lafJ.jpg,5,19
424,BpQIbZOBbJX.jpg,12,17
425,BpQIe3BHAih.jpg,11,17
426,BpQih6Xl_jO.jpg,8,20
427,BpQijkYneJU.jpg,9,19
428,BpQIjXEHW9w.jpg,14,18
429,BpQIqZjFtSv.jpg,5,17
430,BpQISH_AtUw.jpg,11,17
431,BpQJ2LWAjhV.jpg,14,20
432,BpQJgPNFD0z.jpg,12,18
433,BpQjORil4Cm.jpg,7,19
434,BpQk-2pDqYT.jpg,13,20
435,BpQk96OAXMc.jpg,8,20
436,BpQkbG3gXxw.jpg,14,23
437,BpQkD6NnWHU.jpg,13,20
438,BpQkLPHHTuV.jpg,4,17
439,BpQKPQUFa2e.jpg,13,19
440,BpQKt72AOFe.jpg,4,16
441,BpQKX-OhVbR.jpg,15,17
442,BpQkzS_Fmhw.jpg,12,23
443,BpQlCqMASox.jpg,14,20
444,BpQLG1Tg02T.jpg,4,18
445,BpQLhrYFJf7.jpg,8,21
446,BpQlij0A97B.jpg,12,20
447,BpQLoVCgkSC.jpg,12,22
448,BpQLwb3n9dn.jpg,10,18
449,BpQM459AfU5.jpg,17,21
450,BpQM7ahhKfc.jpg,8,21
451,BpQmnafg_gb.jpg,14,17
452,BpQMO6dFfOy.jpg,15,18
453,BpQMzh5lKPm.jpg,11,18
454,BpQNb47l8o2.jpg,9,20
455,BpQNCmMAhjT.jpg,6,17
456,BpQNGajlMAR.jpg,10,18
457,BpQNIpAnGt-.jpg,5,20
458,BpQNl60h_Zx.jpg,5,16
459,BpQNnHyBcsS.jpg,15,20
460,BpQnQ8_l64p.jpg,11,19
461,BpQNtT3nhum.jpg,7,21
462,BpQNv8mlkba.jpg,13,20
463,BpQnYP8Aow4.jpg,10,18
464,BpQO_P2Hfcc.jpg,6,17
465,BpQoaVVA5gg.jpg,5,18
466,BpQoEv2gkaa.jpg,5,13
467,BpQoI_xA8Jd.jpg,7,18
468,BpQoKHBhyBD.jpg,8,17
469,BpQOyEhgq2d.jpg,5,17
470,BpQPLGrHmkW.jpg,15,22
471,BpQQFwrhwwq.jpg,14,21
472,BpQQSXoFoxm.jpg,8,20
473,BpQSAYrFDZA.jpg,15,19
474,BpQSlARnGa0.jpg,3,20
475,BpQSmSGHVuO.jpg,7,16
476,BpQSUk0jtKY.jpg,8,15
477,BpQSWKshc90.jpg,8,16
478,BpQTKNOhcrr.jpg,9,20
479,BpQTnhUB8U9.jpg,14,16
480,BpQU0tDhigt.jpg,11,18
481,BpQUmGoAzTj.jpg,13,18
482,BpQUteYFa9u.jpg,9,21
483,BpQVwSXh6SS.jpg,11,16
484,BpQW7OXgeDq.jpg,13,23
485,BpQWEyjlvWI.jpg,12,22
486,BpQYeSfnE35.jpg,9,18
487,BpQYJ0XAXKN.jpg,9,20
488,BpQYJNvgA3t.jpg,12,19
489,BpQYSe-FJb6.jpg,10,19
490,BpQYvVeFqhK.jpg,13,16
491,BpQZ2drhmy2.jpg,11,20
492,BpQZBEkFGn9.jpg,11,20
493,BpQZCIZn8m3.jpg,9,19
494,BpTapGCBfC7.jpg,13,22
495,BpTaY_KHZ-5.jpg,13,19
496,BpTbFQUlaw7.jpg,14,18
497,BpTbHY7h-Zw.jpg,9,21
498,BpTbrELhCmk.jpg,16,18
499,BpTbu6fA8Vp.jpg,11,18
